block,trial,word,color,congruent,rt_ms,response_key,recognized_color,correct,timed_out,no_response
1,1,blue,green,False,,,,False,True,True
1,2,red,green,False,,,,False,True,True
1,3,yellow,yellow,True,1098.6,k,yellow,True,False,False
1,4,green,green,True,1076.5,j,green,True,False,False
1,5,yellow,blue,False,722.3,f,blue,True,False,False
1,6,red,green,False,765.4,j,green,True,False,False
1,7,red,red,True,647.2,d,red,True,False,False
1,8,blue,blue,True,713.6,f,blue,True,False,False
1,9,blue,blue,True,647.1,f,blue,True,False,False
1,10,yellow,green,False,1497.7,j,green,True,False,False
1,11,yellow,yellow,True,1174.4,k,yellow,True,False,False
1,12,green,yellow,False,1634.5,k,yellow,True,False,False
1,13,blue,blue,True,748.7,f,blue,True,False,False
1,14,green,yellow,False,1749.5,k,yellow,True,False,False
1,15,green,red,False,855.7,d,red,True,False,False
1,16,red,red,True,782.4,d,red,True,False,False
1,17,red,yellow,False,1124.3,d,red,False,False,False
1,18,yellow,red,False,908.8,d,red,True,False,False
1,19,yellow,yellow,True,886.0,j,green,False,False,False
1,20,yellow,green,False,1146.5,j,green,True,False,False
1,21,blue,green,False,684.8,j,green,True,False,False
1,22,yellow,yellow,True,711.6,k,yellow,True,False,False
1,23,red,green,False,1198.2,j,green,True,False,False
1,24,red,blue,False,845.4,f,blue,True,False,False
1,25,red,green,False,1370.5,j,green,True,False,False
1,26,blue,blue,True,1040.6,f,blue,True,False,False
1,27,yellow,blue,False,653.7,f,blue,True,False,False
1,28,green,green,True,783.1,j,green,True,False,False
1,29,red,red,True,794.0,d,red,True,False,False
1,30,yellow,yellow,True,791.9,k,yellow,True,False,False
1,31,red,red,True,1014.7,d,red,True,False,False
1,32,red,red,True,662.1,d,red,True,False,False
1,33,green,green,True,656.5,j,green,True,False,False
1,34,red,blue,False,1062.9,f,blue,True,False,False
1,35,red,red,True,892.5,d,red,True,False,False
1,36,yellow,yellow,True,743.5,k,yellow,True,False,False
1,37,yellow,yellow,True,744.2,k,yellow,True,False,False
1,38,red,red,True,625.5,d,red,True,False,False
1,39,blue,blue,True,676.6,f,blue,True,False,False
1,40,red,red,True,861.8,d,red,True,False,False
1,41,blue,yellow,False,901.2,k,yellow,True,False,False
1,42,red,yellow,False,622.4,k,yellow,True,False,False
1,43,yellow,red,False,997.2,d,red,True,False,False
1,44,yellow,red,False,921.1,d,red,True,False,False
1,45,yellow,yellow,True,769.6,k,yellow,True,False,False
1,46,green,green,True,713.9,j,green,True,False,False
1,47,green,red,False,765.1,d,red,True,False,False
1,48,green,green,True,790.5,j,green,True,False,False
1,49,green,green,True,689.3,j,green,True,False,False
1,50,yellow,yellow,True,873.4,k,yellow,True,False,False
1,51,blue,blue,True,765.4,f,blue,True,False,False
1,52,red,yellow,False,955.3,k,yellow,True,False,False
1,53,green,yellow,False,1243.3,k,yellow,True,False,False
1,54,green,green,True,1021.7,j,green,True,False,False
1,55,yellow,yellow,True,662.5,k,yellow,True,False,False
1,56,green,yellow,False,866.3,k,yellow,True,False,False
1,57,yellow,yellow,True,666.6,k,yellow,True,False,False
1,58,green,yellow,False,595.7,k,yellow,True,False,False
1,59,yellow,yellow,True,592.0,k,yellow,True,False,False
1,60,yellow,red,False,723.4,d,red,True,False,False
1,61,red,red,True,722.7,d,red,True,False,False
1,62,blue,blue,True,639.7,f,blue,True,False,False
1,63,green,green,True,556.4,j,green,True,False,False
1,64,green,red,False,639.9,d,red,True,False,False
1,65,blue,blue,True,760.0,f,blue,True,False,False
1,66,green,yellow,False,942.8,k,yellow,True,False,False
1,67,yellow,yellow,True,621.8,k,yellow,True,False,False
1,68,yellow,green,False,996.0,j,green,True,False,False
1,69,green,yellow,False,851.9,k,yellow,True,False,False
1,70,yellow,yellow,True,673.8,k,yellow,True,False,False
1,71,blue,red,False,699.1,d,red,True,False,False
1,72,yellow,red,False,705.4,d,red,True,False,False
1,73,blue,red,False,882.8,d,red,True,False,False
1,74,green,red,False,933.0,d,red,True,False,False
1,75,red,green,False,1383.7,j,green,True,False,False
1,76,blue,blue,True,820.1,f,blue,True,False,False
1,77,blue,red,False,819.1,d,red,True,False,False
1,78,red,yellow,False,696.1,k,yellow,True,False,False
1,79,red,red,True,704.3,d,red,True,False,False
1,80,blue,blue,True,821.2,f,blue,True,False,False
1,81,green,green,True,1143.7,j,green,True,False,False
1,82,red,blue,False,1394.5,f,blue,True,False,False
1,83,blue,green,False,847.3,k,yellow,False,False,False
1,84,green,green,True,1014.6,j,green,True,False,False
1,85,blue,blue,True,579.9,f,blue,True,False,False
1,86,yellow,yellow,True,762.2,k,yellow,True,False,False
1,87,red,red,True,608.4,d,red,True,False,False
1,88,yellow,green,False,853.9,k,yellow,False,False,False
1,89,blue,red,False,719.4,d,red,True,False,False
1,90,red,red,True,615.5,d,red,True,False,False
1,91,yellow,green,False,785.9,j,green,True,False,False
1,92,green,blue,False,609.8,f,blue,True,False,False
1,93,blue,green,False,811.2,j,green,True,False,False
1,94,red,green,False,705.7,j,green,True,False,False
1,95,blue,blue,True,1048.3,f,blue,True,False,False
1,96,green,blue,False,564.5,f,blue,True,False,False
1,97,green,green,True,776.8,j,green,True,False,False
1,98,yellow,red,False,464.8,d,red,True,False,False
1,99,yellow,red,False,593.2,d,red,True,False,False
1,100,yellow,blue,False,978.5,f,blue,True,False,False
2,1,yellow,blue,False,658.7,f,blue,True,False,False
2,2,blue,yellow,False,741.6,k,yellow,True,False,False
2,3,yellow,green,False,1095.9,j,green,True,False,False
2,4,green,green,True,719.5,j,green,True,False,False
2,5,blue,blue,True,695.8,f,blue,True,False,False
2,6,yellow,blue,False,889.3,j,green,False,False,False
2,7,red,blue,False,908.9,f,blue,True,False,False
2,8,blue,blue,True,547.4,f,blue,True,False,False
2,9,yellow,blue,False,915.3,f,blue,True,False,False
2,10,blue,green,False,990.7,j,green,True,False,False
2,11,blue,green,False,725.6,j,green,True,False,False
2,12,green,blue,False,770.7,f,blue,True,False,False
2,13,blue,blue,True,611.1,f,blue,True,False,False
2,14,yellow,yellow,True,681.1,k,yellow,True,False,False
2,15,blue,red,False,947.7,j,green,False,False,False
2,16,yellow,green,False,1033.1,j,green,True,False,False
2,17,yellow,green,False,824.8,j,green,True,False,False
2,18,blue,blue,True,929.8,f,blue,True,False,False
2,19,yellow,yellow,True,1171.8,k,yellow,True,False,False
2,20,red,green,False,1327.1,j,green,True,False,False
2,21,blue,yellow,False,1608.1,k,yellow,True,False,False
2,22,blue,green,False,1235.1,j,green,True,False,False
2,23,yellow,yellow,True,818.8,k,yellow,True,False,False
2,24,green,green,True,1299.0,j,green,True,False,False
2,25,yellow,red,False,684.9,d,red,True,False,False
2,26,red,red,True,891.9,d,red,True,False,False
2,27,yellow,green,False,1323.9,j,green,True,False,False
2,28,yellow,blue,False,659.2,f,blue,True,False,False
2,29,yellow,yellow,True,1103.2,j,green,False,False,False
2,30,yellow,green,False,1666.0,j,green,True,False,False
2,31,blue,blue,True,660.5,f,blue,True,False,False
2,32,blue,blue,True,699.3,f,blue,True,False,False
2,33,yellow,yellow,True,1798.9,k,yellow,True,False,False
2,34,yellow,yellow,True,498.8,k,yellow,True,False,False
2,35,green,yellow,False,1163.0,k,yellow,True,False,False
2,36,red,red,True,710.4,d,red,True,False,False
2,37,yellow,yellow,True,858.6,k,yellow,True,False,False
2,38,green,green,True,771.9,j,green,True,False,False
2,39,red,red,True,692.9,d,red,True,False,False
2,40,green,green,True,839.8,j,green,True,False,False
2,41,blue,red,False,691.7,f,blue,False,False,False
2,42,green,green,True,913.4,j,green,True,False,False
2,43,blue,yellow,False,786.0,k,yellow,True,False,False
2,44,blue,blue,True,714.6,f,blue,True,False,False
2,45,red,red,True,555.9,d,red,True,False,False
2,46,red,red,True,512.1,d,red,True,False,False
2,47,green,green,True,967.3,j,green,True,False,False
2,48,green,green,True,506.3,j,green,True,False,False
2,49,green,green,True,570.7,j,green,True,False,False
2,50,blue,blue,True,625.5,f,blue,True,False,False
2,51,blue,red,False,1105.1,d,red,True,False,False
2,52,yellow,red,False,850.4,d,red,True,False,False
2,53,yellow,yellow,True,633.8,k,yellow,True,False,False
2,54,blue,blue,True,574.3,f,blue,True,False,False
2,55,red,blue,False,1041.7,f,blue,True,False,False
2,56,blue,green,False,586.5,j,green,True,False,False
2,57,green,green,True,103.7,f,blue,False,False,False
2,58,blue,red,False,952.7,d,red,True,False,False
2,59,red,red,True,1188.5,d,red,True,False,False
2,60,blue,blue,True,872.5,f,blue,True,False,False
2,61,red,yellow,False,1056.9,k,yellow,True,False,False
2,62,red,red,True,580.3,d,red,True,False,False
2,63,green,yellow,False,606.6,k,yellow,True,False,False
2,64,green,red,False,650.0,d,red,True,False,False
2,65,blue,yellow,False,1108.0,k,yellow,True,False,False
2,66,green,green,True,650.3,j,green,True,False,False
2,67,blue,blue,True,516.8,f,blue,True,False,False
2,68,red,red,True,590.4,d,red,True,False,False
2,69,blue,blue,True,683.6,f,blue,True,False,False
2,70,green,red,False,882.3,d,red,True,False,False
2,71,yellow,yellow,True,534.3,k,yellow,True,False,False
2,72,blue,blue,True,646.1,f,blue,True,False,False
2,73,red,red,True,617.4,d,red,True,False,False
2,74,green,green,True,652.9,j,green,True,False,False
2,75,red,yellow,False,1141.4,k,yellow,True,False,False
2,76,blue,yellow,False,918.4,k,yellow,True,False,False
2,77,red,blue,False,963.4,j,green,False,False,False
2,78,green,red,False,1515.3,d,red,True,False,False
2,79,yellow,yellow,True,1022.9,k,yellow,True,False,False
2,80,green,blue,False,799.3,f,blue,True,False,False
2,81,blue,yellow,False,1907.0,k,yellow,True,False,False
2,82,green,green,True,801.2,j,green,True,False,False
2,83,yellow,green,False,,,,False,True,True
2,84,blue,blue,True,780.8,f,blue,True,False,False
2,85,blue,red,False,515.2,d,red,True,False,False
2,86,blue,red,False,655.8,d,red,True,False,False
2,87,yellow,yellow,True,890.2,k,yellow,True,False,False
2,88,yellow,green,False,569.6,j,green,True,False,False
2,89,yellow,blue,False,601.2,f,blue,True,False,False
2,90,blue,green,False,928.7,j,green,True,False,False
2,91,yellow,blue,False,764.1,f,blue,True,False,False
2,92,red,red,True,428.9,d,red,True,False,False
2,93,blue,green,False,1237.6,j,green,True,False,False
2,94,yellow,blue,False,775.0,f,blue,True,False,False
2,95,blue,blue,True,561.3,f,blue,True,False,False
2,96,green,blue,False,578.6,f,blue,True,False,False
2,97,green,green,True,641.0,j,green,True,False,False
2,98,green,yellow,False,581.1,k,yellow,True,False,False
2,99,red,red,True,583.9,d,red,True,False,False
2,100,yellow,blue,False,1733.6,f,blue,True,False,False
3,1,green,blue,False,691.3,j,green,False,False,False
3,2,red,green,False,968.0,j,green,True,False,False
3,3,green,yellow,False,641.6,k,yellow,True,False,False
3,4,yellow,red,False,656.1,d,red,True,False,False
3,5,blue,blue,True,590.3,f,blue,True,False,False
3,6,red,red,True,466.9,d,red,True,False,False
3,7,green,red,False,797.7,f,blue,False,False,False
3,8,green,red,False,616.5,d,red,True,False,False
3,9,red,red,True,449.6,d,red,True,False,False
3,10,blue,green,False,540.2,j,green,True,False,False
3,11,yellow,red,False,645.5,d,red,True,False,False
3,12,red,yellow,False,563.6,k,yellow,True,False,False
3,13,yellow,yellow,True,671.0,k,yellow,True,False,False
3,14,yellow,green,False,891.6,j,green,True,False,False
3,15,yellow,yellow,True,535.9,k,yellow,True,False,False
3,16,red,red,True,438.2,d,red,True,False,False
3,17,red,red,True,512.7,d,red,True,False,False
3,18,red,red,True,427.5,d,red,True,False,False
3,19,green,green,True,756.0,j,green,True,False,False
3,20,green,green,True,577.9,j,green,True,False,False
3,21,red,red,True,527.8,d,red,True,False,False
3,22,red,red,True,533.8,d,red,True,False,False
3,23,red,yellow,False,713.0,d,red,False,False,False
3,24,red,blue,False,607.1,f,blue,True,False,False
3,25,green,green,True,657.4,j,green,True,False,False
3,26,yellow,yellow,True,493.7,k,yellow,True,False,False
3,27,yellow,yellow,True,669.7,k,yellow,True,False,False
3,28,green,green,True,560.0,j,green,True,False,False
3,29,green,red,False,943.8,d,red,True,False,False
3,30,red,yellow,False,1178.3,k,yellow,True,False,False
3,31,green,yellow,False,855.5,k,yellow,True,False,False
3,32,yellow,yellow,True,752.8,k,yellow,True,False,False
3,33,green,red,False,889.0,d,red,True,False,False
3,34,red,red,True,616.0,d,red,True,False,False
3,35,red,red,True,441.8,d,red,True,False,False
3,36,blue,red,False,479.1,d,red,True,False,False
3,37,red,blue,False,638.2,f,blue,True,False,False
3,38,yellow,yellow,True,705.5,k,yellow,True,False,False
3,39,green,yellow,False,861.4,k,yellow,True,False,False
3,40,green,blue,False,661.5,f,blue,True,False,False
3,41,blue,blue,True,731.1,f,blue,True,False,False
3,42,yellow,yellow,True,1345.7,k,yellow,True,False,False
3,43,red,yellow,False,593.2,k,yellow,True,False,False
3,44,green,green,True,1002.0,j,green,True,False,False
3,45,red,red,True,520.1,d,red,True,False,False
3,46,blue,green,False,1388.6,j,green,True,False,False
3,47,green,blue,False,451.5,f,blue,True,False,False
3,48,blue,yellow,False,646.9,k,yellow,True,False,False
3,49,yellow,yellow,True,543.3,k,yellow,True,False,False
3,50,green,green,True,1150.2,j,green,True,False,False
3,51,red,yellow,False,712.1,d,red,False,False,False
3,52,red,yellow,False,1325.9,k,yellow,True,False,False
3,53,blue,blue,True,803.4,f,blue,True,False,False
3,54,blue,blue,True,712.2,f,blue,True,False,False
3,55,blue,yellow,False,1273.4,j,green,False,False,False
3,56,yellow,yellow,True,567.1,k,yellow,True,False,False
3,57,blue,blue,True,644.2,f,blue,True,False,False
3,58,green,blue,False,517.0,f,blue,True,False,False
3,59,green,green,True,635.3,j,green,True,False,False
3,60,blue,red,False,523.7,d,red,True,False,False
3,61,blue,blue,True,686.6,f,blue,True,False,False
3,62,yellow,red,False,705.5,k,yellow,False,False,False
3,63,blue,red,False,591.2,d,red,True,False,False
3,64,blue,blue,True,610.4,f,blue,True,False,False
3,65,green,green,True,577.9,j,green,True,False,False
3,66,green,green,True,663.1,j,green,True,False,False
3,67,yellow,yellow,True,680.7,k,yellow,True,False,False
3,68,blue,blue,True,931.3,f,blue,True,False,False
3,69,yellow,green,False,947.7,j,green,True,False,False
3,70,blue,yellow,False,896.7,f,blue,False,False,False
3,71,red,green,False,828.5,j,green,True,False,False
3,72,yellow,yellow,True,430.6,k,yellow,True,False,False
3,73,green,yellow,False,1179.1,k,yellow,True,False,False
3,74,yellow,yellow,True,547.2,k,yellow,True,False,False
3,75,green,green,True,742.3,j,green,True,False,False
3,76,blue,blue,True,564.1,f,blue,True,False,False
3,77,red,red,True,624.1,d,red,True,False,False
3,78,red,blue,False,855.7,f,blue,True,False,False
3,79,red,red,True,685.5,d,red,True,False,False
3,80,blue,red,False,794.6,f,blue,False,False,False
3,81,blue,blue,True,611.8,f,blue,True,False,False
3,82,blue,green,False,827.0,j,green,True,False,False
3,83,yellow,green,False,721.8,k,yellow,False,False,False
3,84,yellow,yellow,True,616.7,k,yellow,True,False,False
3,85,blue,red,False,846.9,d,red,True,False,False
3,86,green,red,False,1155.7,j,green,False,False,False
3,87,red,red,True,514.5,d,red,True,False,False
3,88,yellow,red,False,767.9,d,red,True,False,False
3,89,blue,red,False,598.1,d,red,True,False,False
3,90,red,blue,False,733.8,f,blue,True,False,False
3,91,blue,blue,True,684.8,f,blue,True,False,False
3,92,blue,red,False,958.8,d,red,True,False,False
3,93,red,yellow,False,1149.6,k,yellow,True,False,False
3,94,green,green,True,538.3,j,green,True,False,False
3,95,blue,green,False,763.3,j,green,True,False,False
3,96,red,blue,False,684.2,f,blue,True,False,False
3,97,yellow,blue,False,1265.2,f,blue,True,False,False
3,98,blue,blue,True,640.6,f,blue,True,False,False
3,99,yellow,blue,False,760.4,f,blue,True,False,False
3,100,green,green,True,568.3,j,green,True,False,False
4,1,green,green,True,808.8,f,blue,False,False,False
4,2,blue,yellow,False,800.0,k,yellow,True,False,False
4,3,green,green,True,543.2,j,green,True,False,False
4,4,yellow,red,False,633.3,d,red,True,False,False
4,5,yellow,blue,False,759.9,f,blue,True,False,False
4,6,green,green,True,589.4,j,green,True,False,False
4,7,yellow,blue,False,1616.1,d,red,False,False,False
4,8,blue,blue,True,658.1,f,blue,True,False,False
4,9,yellow,blue,False,719.3,f,blue,True,False,False
4,10,blue,green,False,884.0,j,green,True,False,False
4,11,red,yellow,False,1177.9,k,yellow,True,False,False
4,12,red,green,False,662.3,j,green,True,False,False
4,13,blue,blue,True,513.9,f,blue,True,False,False
4,14,red,red,True,729.6,d,red,True,False,False
4,15,blue,red,False,542.0,d,red,True,False,False
4,16,green,blue,False,1626.4,j,green,False,False,False
4,17,yellow,green,False,651.0,j,green,True,False,False
4,18,yellow,yellow,True,772.4,k,yellow,True,False,False
4,19,yellow,yellow,True,572.2,k,yellow,True,False,False
4,20,blue,blue,True,552.1,f,blue,True,False,False
4,21,blue,blue,True,664.7,f,blue,True,False,False
4,22,red,blue,False,750.2,f,blue,True,False,False
4,23,yellow,yellow,True,789.2,k,yellow,True,False,False
4,24,green,green,True,666.3,j,green,True,False,False
4,25,red,red,True,654.0,d,red,True,False,False
4,26,yellow,blue,False,1924.2,f,blue,True,False,False
4,27,yellow,yellow,True,1442.2,k,yellow,True,False,False
4,28,red,red,True,627.3,d,red,True,False,False
4,29,red,red,True,1226.0,d,red,True,False,False
4,30,yellow,yellow,True,538.1,k,yellow,True,False,False
4,31,green,yellow,False,583.4,k,yellow,True,False,False
4,32,green,red,False,1036.9,d,red,True,False,False
4,33,green,red,False,625.9,d,red,True,False,False
4,34,red,green,False,1307.4,j,green,True,False,False
4,35,yellow,red,False,1001.9,d,red,True,False,False
4,36,red,green,False,1075.6,f,blue,False,False,False
4,37,blue,blue,True,473.3,f,blue,True,False,False
4,38,blue,blue,True,684.5,f,blue,True,False,False
4,39,blue,blue,True,588.6,f,blue,True,False,False
4,40,blue,red,False,586.8,d,red,True,False,False
4,41,blue,red,False,598.2,d,red,True,False,False
4,42,blue,blue,True,640.2,f,blue,True,False,False
4,43,green,yellow,False,1149.7,k,yellow,True,False,False
4,44,red,green,False,732.3,j,green,True,False,False
4,45,yellow,blue,False,672.9,f,blue,True,False,False
4,46,blue,green,False,706.2,j,green,True,False,False
4,47,green,green,True,563.3,j,green,True,False,False
4,48,blue,green,False,655.0,j,green,True,False,False
4,49,red,green,False,693.1,j,green,True,False,False
4,50,blue,green,False,667.6,j,green,True,False,False
4,51,red,blue,False,1217.7,f,blue,True,False,False
4,52,yellow,yellow,True,578.0,k,yellow,True,False,False
4,53,yellow,blue,False,877.2,f,blue,True,False,False
4,54,red,red,True,588.8,d,red,True,False,False
4,55,green,yellow,False,765.1,j,green,False,False,False
4,56,blue,blue,True,963.0,f,blue,True,False,False
4,57,red,yellow,False,809.3,k,yellow,True,False,False
4,58,green,green,True,665.4,j,green,True,False,False
4,59,red,red,True,630.9,d,red,True,False,False
4,60,green,red,False,1282.7,d,red,True,False,False
4,61,blue,blue,True,659.5,f,blue,True,False,False
4,62,green,yellow,False,930.9,k,yellow,True,False,False
4,63,red,red,True,610.3,d,red,True,False,False
4,64,green,green,True,690.7,j,green,True,False,False
4,65,blue,blue,True,1176.1,f,blue,True,False,False
4,66,blue,yellow,False,858.1,k,yellow,True,False,False
4,67,red,red,True,618.6,d,red,True,False,False
4,68,green,blue,False,1954.6,f,blue,True,False,False
4,69,red,red,True,934.5,d,red,True,False,False
4,70,red,red,True,673.3,d,red,True,False,False
4,71,red,red,True,533.0,d,red,True,False,False
4,72,yellow,yellow,True,1171.0,k,yellow,True,False,False
4,73,blue,blue,True,1634.1,f,blue,True,False,False
4,74,blue,blue,True,603.2,f,blue,True,False,False
4,75,green,red,False,802.6,d,red,True,False,False
4,76,yellow,green,False,778.9,j,green,True,False,False
4,77,blue,blue,True,647.8,f,blue,True,False,False
4,78,green,green,True,880.3,j,green,True,False,False
4,79,red,red,True,637.0,d,red,True,False,False
4,80,yellow,blue,False,1605.5,f,blue,True,False,False
4,81,yellow,red,False,1059.6,d,red,True,False,False
4,82,green,red,False,854.0,d,red,True,False,False
4,83,yellow,yellow,True,1111.2,k,yellow,True,False,False
4,84,yellow,red,False,669.0,d,red,True,False,False
4,85,red,red,True,926.0,d,red,True,False,False
4,86,yellow,red,False,654.1,d,red,True,False,False
4,87,green,red,False,763.4,d,red,True,False,False
4,88,red,red,True,653.9,d,red,True,False,False
4,89,blue,blue,True,618.3,f,blue,True,False,False
4,90,red,green,False,778.2,j,green,True,False,False
4,91,red,blue,False,1033.3,f,blue,True,False,False
4,92,yellow,blue,False,1748.5,f,blue,True,False,False
4,93,yellow,yellow,True,1403.6,k,yellow,True,False,False
4,94,yellow,blue,False,1882.8,f,blue,True,False,False
4,95,yellow,yellow,True,1194.8,k,yellow,True,False,False
4,96,red,red,True,541.9,d,red,True,False,False
4,97,red,yellow,False,1951.1,k,yellow,True,False,False
4,98,blue,blue,True,759.4,f,blue,True,False,False
4,99,yellow,green,False,1023.9,k,yellow,False,False,False
4,100,blue,blue,True,785.0,f,blue,True,False,False
