session,trial,staircase,orientation,response,correct,soa1,soa2
1,1,2,left,right,False,12,12
1,1,3,left,left,True,13,12
1,2,2,right,right,True,13,12
1,2,3,right,right,True,13,12
1,3,2,left,left,True,13,12
1,3,3,left,left,True,12,12
1,4,2,right,right,True,12,11
1,4,3,left,left,True,12,11
1,5,2,right,right,True,12,11
1,5,3,left,left,True,11,11
1,6,2,left,left,True,11,11
1,6,3,right,right,True,11,11
1,7,2,right,right,True,11,10
1,7,3,left,left,True,10,10
1,8,2,right,right,True,10,10
1,8,3,left,right,False,10,10
1,9,2,left,right,False,10,11
1,9,3,right,right,True,11,11
1,10,2,left,right,False,11,11
1,10,3,right,right,True,12,11
1,11,2,right,left,False,12,11
1,11,3,left,left,True,13,11
1,12,2,left,left,True,13,10
1,12,3,right,left,False,13,10
1,13,2,right,left,False,13,11
1,13,3,left,left,True,14,11
1,14,2,left,left,True,14,11
1,14,3,right,left,False,14,11
1,15,2,right,left,False,14,12
1,15,3,right,right,True,15,12
1,16,2,left,left,True,15,12
1,16,3,left,left,True,15,12
1,17,2,right,left,False,15,12
1,17,3,right,right,True,16,12
1,18,2,right,right,True,16,11
1,18,3,right,right,True,16,11
1,19,2,right,right,True,16,11
1,19,3,left,right,False,15,11
1,20,2,left,right,False,15,12
1,20,3,left,right,False,16,12
1,21,2,left,right,False,16,13
1,21,3,right,right,True,17,13
1,22,2,left,right,False,17,13
1,22,3,right,left,False,18,13
1,23,2,left,left,True,18,14
1,23,3,left,right,False,18,14
1,24,2,right,right,True,18,15
1,24,3,left,right,False,17,15
1,25,2,right,right,True,17,16
1,25,3,left,left,True,17,16
