pid,sid,probHead,trl,isHead,x1,x2,x3,x4,x5,x6,x7,x8,x9,x10,x11,x12,x13,x14,x15,x16,x17,x18,x19,x20,x21,x22,x23,x24,x25,x26,x27,x28,x29,x30,x31,x32,x33,x34,x35,x36,x37,x38,x39,x40,x41,x42,x43,x44,x45,x46,x47,x48,x49,x50,rt,resp
100,751,-0.5,1,0,,,,,,,,,,,,,,,,,,,,,,,,,,,,,,,,,,,,,,,,,,,,,,,,,,,1684,0
100,751,-0.5,2,1,,,,,,,,,,,,,,,,,,,,,,,,,,,,,,,,,,,,,,,,,,,,,,,,,,,1316,1
100,751,-0.5,3,1,,,,,,,,,,,,,,,,,,,,,,,,,,,,,,,,,,,,,,,,,,,,,,,,,,,679,1
100,751,-0.5,4,1,,,,,,,,,,,,,,,,,,,,,,,,,,,,,,,,,,,,,,,,,,,,,,,,,,,549,1
100,751,-0.5,5,0,,,,,,,,,,,,,,,,,,,,,,,,,,,,,,,,,,,,,,,,,,,,,,,,,,,548,0
100,751,-0.5,6,0,,,,,,,,,,,,,,,,,,,,,,,,,,,,,,,,,,,,,,,,,,,,,,,,,,,549,0
100,751,-0.5,7,0,,,,,,,,,,,,,,,,,,,,,,,,,,,,,,,,,,,,,,,,,,,,,,,,,,,634,1
100,751,-0.5,8,1,,,,,,,,,,,,,,,,,,,,,,,,,,,,,,,,,,,,,,,,,,,,,,,,,,,625,1
100,751,-0.5,9,0,,,,,,,,,,,,,,,,,,,,,,,,,,,,,,,,,,,,,,,,,,,,,,,,,,,647,0
100,751,-0.5,10,0,,,,,,,,,,,,,,,,,,,,,,,,,,,,,,,,,,,,,,,,,,,,,,,,,,,664,0
100,751,-0.5,11,0,,,,,,,,,,,,,,,,,,,,,,,,,,,,,,,,,,,,,,,,,,,,,,,,,,,526,0
100,751,-0.5,12,1,,,,,,,,,,,,,,,,,,,,,,,,,,,,,,,,,,,,,,,,,,,,,,,,,,,578,1
100,751,-0.5,13,1,,,,,,,,,,,,,,,,,,,,,,,,,,,,,,,,,,,,,,,,,,,,,,,,,,,728,1
100,751,-0.5,14,1,,,,,,,,,,,,,,,,,,,,,,,,,,,,,,,,,,,,,,,,,,,,,,,,,,,656,1
100,751,-0.5,15,0,,,,,,,,,,,,,,,,,,,,,,,,,,,,,,,,,,,,,,,,,,,,,,,,,,,537,0
100,751,-0.5,16,1,,,,,,,,,,,,,,,,,,,,,,,,,,,,,,,,,,,,,,,,,,,,,,,,,,,904,1
100,751,-0.5,17,1,,,,,,,,,,,,,,,,,,,,,,,,,,,,,,,,,,,,,,,,,,,,,,,,,,,565,1
100,751,-0.5,18,1,,,,,,,,,,,,,,,,,,,,,,,,,,,,,,,,,,,,,,,,,,,,,,,,,,,620,0
100,751,-0.5,19,0,,,,,,,,,,,,,,,,,,,,,,,,,,,,,,,,,,,,,,,,,,,,,,,,,,,903,0
100,751,-0.5,20,1,,,,,,,,,,,,,,,,,,,,,,,,,,,,,,,,,,,,,,,,,,,,,,,,,,,762,1
100,751,0.65,1,1,1,1,1,0,1,0,0,1,1,1,0,1,1,0,0,0,1,1,0,1,1,1,1,1,0,1,0,0,1,1,1,1,1,0,1,0,1,1,1,0,1,0,1,1,0,1,0,1,1,1,,
100,751,0.35,2,0,1,0,0,0,0,0,0,0,0,1,0,0,1,1,1,0,1,0,0,1,0,0,0,1,1,0,0,1,0,0,0,0,0,0,0,0,1,1,0,1,0,0,1,0,0,1,1,0,0,1,14,1
100,751,0.65,3,1,1,0,1,0,0,0,0,1,0,1,1,1,1,0,0,1,1,0,1,1,0,0,0,1,1,1,0,1,1,0,1,0,1,1,0,1,1,0,1,1,1,0,1,1,1,0,0,1,1,0,6,1
100,751,0.65,4,1,0,0,1,1,0,1,0,1,1,1,1,1,1,1,0,1,1,1,0,0,1,1,1,0,1,0,0,0,0,1,1,1,0,0,0,1,0,1,1,0,1,1,1,1,0,1,0,1,1,0,,
100,751,0.35,5,0,0,0,1,1,0,0,0,0,0,0,0,0,0,1,0,0,0,0,1,0,1,0,1,0,1,0,0,0,1,0,1,0,1,0,1,1,1,1,0,0,1,0,0,0,0,0,1,1,0,0,23,0
100,751,0.65,6,1,1,1,0,0,0,0,1,1,1,0,1,0,1,1,0,1,0,1,1,1,1,0,1,1,1,0,1,0,1,1,1,0,1,1,1,1,1,0,1,0,1,1,0,1,0,1,1,1,1,0,23,1
100,751,0.65,7,1,0,1,1,0,1,0,0,1,1,0,1,1,1,0,0,0,0,1,0,1,1,1,1,0,1,1,1,0,1,1,0,1,0,1,1,1,0,0,1,1,1,0,0,1,0,1,1,1,1,0,28,1
100,751,0.35,8,0,0,1,1,0,1,0,0,0,1,1,1,1,0,0,0,0,0,1,0,1,0,1,0,0,0,0,1,1,0,0,1,0,1,0,0,1,0,0,0,0,1,1,0,0,0,0,0,1,0,0,23,0
100,751,0.35,9,0,0,0,1,0,0,0,0,0,0,0,1,0,0,0,0,0,0,0,1,0,0,0,1,0,0,0,0,0,0,0,1,0,1,0,1,1,1,0,1,1,1,1,1,0,0,0,1,0,1,0,16,0
100,751,0.35,10,0,1,0,0,0,0,0,0,0,0,1,0,0,1,1,1,1,0,1,0,0,0,1,0,0,0,0,0,0,0,1,0,1,0,0,0,1,0,1,1,1,0,1,1,1,0,0,0,1,0,1,32,0
100,751,0.65,11,1,0,0,0,1,1,1,1,0,0,1,0,1,1,0,1,0,1,0,1,0,0,0,1,1,0,0,1,1,1,0,1,0,1,1,0,0,1,1,1,0,1,1,0,1,1,1,1,0,0,0,34,1
100,751,0.65,12,1,1,1,1,0,0,1,0,0,1,1,1,1,1,0,1,1,1,0,0,1,1,0,1,1,0,0,0,1,1,1,1,0,0,0,0,1,1,0,1,1,1,0,1,1,1,0,1,1,1,0,20,1
100,751,0.65,13,1,1,1,0,0,1,1,0,1,1,0,1,0,1,0,1,0,1,1,0,1,1,1,1,1,1,0,1,1,1,1,1,0,1,0,1,1,1,1,1,0,0,1,0,1,0,1,1,0,1,1,22,1
100,751,0.35,14,0,0,0,0,0,0,0,0,1,0,0,1,0,1,1,0,1,0,1,1,1,0,0,1,0,0,0,0,0,1,0,0,1,0,0,0,0,0,0,0,0,0,0,1,0,1,0,0,1,1,0,23,0
100,751,0.35,15,0,0,0,1,0,1,0,1,0,0,0,0,0,0,0,0,0,1,0,1,0,0,0,1,1,0,0,0,0,0,1,0,1,0,1,0,1,0,0,0,0,1,0,0,1,0,0,0,1,0,1,17,0
100,751,0.65,16,1,0,1,1,1,1,0,1,0,0,0,0,0,1,1,1,1,1,1,1,0,1,1,1,1,1,0,1,1,1,1,1,0,1,1,1,1,0,1,1,1,1,0,1,1,1,1,1,1,1,1,20,1
100,751,0.65,17,1,1,0,0,0,1,1,1,0,0,1,1,0,1,1,0,0,1,0,1,1,0,0,1,0,0,1,0,0,1,0,1,1,0,0,0,1,1,1,1,1,0,1,1,1,1,1,1,1,0,1,25,0
100,751,0.35,18,0,1,1,1,0,0,0,0,1,0,0,0,0,1,1,0,1,0,0,0,0,0,1,0,0,1,0,1,1,1,1,1,0,0,0,0,0,0,0,1,0,1,1,1,0,0,1,0,1,1,0,13,0
100,751,0.65,19,1,1,1,1,1,1,0,1,0,1,0,0,0,0,0,1,1,0,1,0,1,1,1,1,0,1,0,1,0,1,0,1,1,1,0,1,1,0,0,1,0,1,1,1,1,1,0,1,1,1,1,12,1
100,751,0.65,20,1,1,1,1,0,1,0,1,1,0,1,1,0,1,1,1,1,1,1,0,1,0,1,1,1,1,1,1,1,1,0,0,1,1,0,1,1,0,1,0,0,1,1,1,0,1,1,1,1,0,0,16,0
100,751,0.65,21,1,0,0,1,0,0,1,1,0,1,1,0,1,1,1,1,1,1,1,1,0,1,1,1,1,1,0,1,1,1,1,1,1,1,1,1,1,1,0,1,1,0,1,1,1,1,1,1,1,0,1,8,1
100,751,0.35,22,0,0,1,0,0,0,0,0,0,0,0,0,0,1,1,1,0,0,0,0,0,0,1,0,0,1,1,0,1,1,0,0,0,0,0,0,0,0,0,0,0,1,0,1,1,1,1,0,0,0,0,11,0
100,751,0.65,23,1,0,1,0,0,1,1,0,0,1,0,1,1,0,1,0,1,1,1,1,1,0,0,1,1,1,1,0,1,0,0,0,1,1,1,0,0,0,0,1,1,0,0,1,1,1,1,0,1,1,0,9,1
100,751,0.35,24,0,1,0,0,0,0,1,0,1,0,1,0,1,0,0,1,0,1,1,1,1,1,1,1,1,1,0,0,0,1,1,0,1,0,1,0,0,1,1,0,0,1,0,1,0,1,1,0,0,1,1,12,0
100,751,0.65,25,1,1,0,0,1,1,1,1,1,1,0,1,1,1,0,0,1,1,1,1,1,1,1,0,1,1,0,1,1,0,0,1,1,1,1,0,0,0,1,1,1,1,0,0,0,0,1,1,0,1,0,11,1
100,751,0.35,26,0,0,1,0,1,0,0,0,0,0,1,0,0,0,0,1,1,1,0,0,0,1,0,0,0,0,1,1,0,1,0,0,1,0,1,1,1,1,0,0,0,1,0,1,0,0,0,0,0,1,0,15,0
100,751,0.65,27,1,1,0,0,0,1,1,1,1,0,1,1,0,1,0,1,1,1,1,1,0,1,1,0,1,0,1,1,1,1,0,1,1,1,1,0,1,0,0,1,1,1,0,1,1,0,1,0,0,0,1,21,1
100,751,0.65,28,1,0,0,1,1,1,0,0,0,1,0,1,1,1,0,1,1,1,0,1,1,1,0,1,0,1,1,1,1,0,1,1,0,0,1,0,1,0,0,0,1,1,1,1,1,1,0,1,1,1,1,19,1
100,751,0.35,29,0,0,0,1,0,0,0,1,1,0,0,1,0,0,0,1,0,0,0,0,0,0,0,1,0,0,0,1,0,0,1,1,0,0,1,1,0,1,0,0,0,0,0,1,0,0,0,0,0,0,1,19,0
100,751,0.65,30,1,1,0,0,0,0,1,1,0,1,1,1,0,1,1,1,1,0,1,0,1,1,0,1,0,0,0,0,0,1,1,0,1,1,1,1,0,1,1,1,0,1,1,1,1,1,1,0,0,1,1,17,1
100,751,0.35,31,0,0,0,0,1,1,0,1,0,0,1,0,0,1,1,0,1,0,0,1,1,0,0,1,0,0,1,0,0,0,1,1,1,0,0,0,1,1,0,0,0,1,0,0,1,0,0,0,0,0,0,21,1
100,751,1.0,32,1,1,1,1,1,1,1,1,1,1,1,1,1,1,1,1,1,1,1,1,1,1,1,1,1,1,1,1,1,1,1,1,1,1,1,1,1,1,1,1,1,1,1,1,1,1,1,1,1,1,1,11,1
100,751,0.35,33,0,0,0,0,0,0,0,0,1,1,1,0,0,0,0,0,0,0,0,1,0,0,1,0,0,1,0,0,1,0,0,0,0,1,1,0,1,1,1,0,0,0,0,0,1,1,0,0,1,0,0,10,0
100,751,0.65,34,1,1,1,0,1,1,1,0,1,0,1,1,0,0,0,0,1,1,1,1,0,1,1,1,1,1,1,0,1,1,0,0,0,0,1,1,0,0,1,1,1,1,1,1,0,0,1,1,1,1,1,19,1
100,751,0.65,35,1,1,0,0,1,0,0,0,1,1,0,0,1,1,1,0,1,1,1,1,1,1,1,1,0,0,1,1,0,1,1,1,1,0,1,1,0,0,1,1,1,1,1,1,0,0,1,1,0,0,1,20,1
100,751,0.35,36,0,0,1,1,1,1,0,0,0,1,0,0,0,1,0,1,0,0,1,1,0,0,1,0,1,1,0,1,0,0,1,0,1,0,0,0,0,0,0,0,0,1,0,1,0,0,1,0,0,1,0,21,0
100,751,0.35,37,0,1,0,1,0,1,0,1,0,1,0,0,0,1,0,1,1,0,0,0,0,1,0,0,0,0,0,0,1,0,1,0,1,0,1,0,1,1,0,1,0,0,0,1,0,1,0,0,0,0,1,9,1
100,751,0.65,38,1,1,1,0,1,1,1,1,0,0,1,1,0,1,1,0,1,1,1,1,1,1,0,1,1,0,1,0,0,1,0,0,1,1,0,1,1,1,0,1,0,0,1,1,0,0,1,0,0,0,0,19,1
100,751,0.35,39,0,1,1,1,1,1,0,1,0,0,0,1,1,0,0,0,0,1,1,0,0,0,0,0,0,0,0,0,1,0,1,1,1,0,0,0,1,1,0,0,0,0,0,0,0,1,1,1,1,1,0,20,0
100,751,0.35,40,0,1,1,0,1,1,0,0,1,0,1,0,0,0,0,0,0,0,1,0,0,0,1,0,0,1,1,0,0,0,0,0,1,1,0,1,0,0,1,0,0,1,0,1,1,0,1,0,0,1,0,17,0
100,751,0.35,41,0,0,0,0,1,0,0,0,1,1,1,1,1,1,0,0,0,1,0,0,0,1,1,1,0,0,1,0,1,0,1,1,0,0,1,1,1,1,0,0,1,0,0,0,0,1,0,0,1,1,1,10,0
100,751,0.65,42,1,1,0,0,1,1,1,1,0,0,0,1,1,1,1,1,0,1,1,1,1,0,1,0,1,1,1,1,1,1,1,1,1,0,1,1,0,1,0,1,1,0,0,1,1,0,1,0,1,1,1,16,1
100,751,0.35,43,0,0,1,1,1,1,0,0,0,0,1,0,0,0,0,0,0,0,1,1,0,0,0,1,0,1,0,0,0,0,0,0,1,1,1,1,0,1,0,0,1,1,0,0,0,1,1,0,0,0,1,17,0
100,751,0.65,44,1,0,0,0,0,1,1,1,0,1,0,0,1,1,1,0,1,1,1,0,1,1,1,1,0,1,1,0,0,0,1,1,0,1,1,0,1,0,1,1,1,1,1,1,1,0,1,0,0,0,1,17,1
100,751,0.35,45,0,0,0,0,1,0,0,1,0,0,0,0,1,0,0,0,1,1,1,0,1,0,0,1,0,1,0,0,0,0,0,0,0,0,1,0,0,0,1,0,1,1,1,0,0,1,0,0,1,1,0,11,0
100,751,0.35,46,0,1,1,0,1,0,0,0,0,0,1,1,0,0,1,0,1,0,0,0,1,1,0,0,1,0,0,1,0,0,0,1,0,1,1,1,0,0,0,1,0,1,0,1,0,0,0,1,0,0,0,13,0
100,751,0.35,47,0,1,0,0,1,0,0,0,0,0,1,0,0,0,0,0,1,0,0,0,0,0,1,0,1,0,0,0,1,0,0,1,0,0,0,0,1,0,0,1,0,1,1,0,1,0,0,0,0,0,0,12,0
100,751,0.35,48,0,0,1,1,0,0,0,1,0,0,1,1,1,0,0,1,0,0,0,1,1,1,0,0,0,0,0,0,1,0,0,0,1,0,1,0,1,1,0,0,0,0,0,1,0,1,0,0,1,0,0,17,0
100,751,0.65,49,1,1,0,1,1,1,1,0,1,0,1,0,0,1,0,1,1,1,0,0,0,1,1,1,1,0,1,1,1,1,1,1,0,1,1,0,1,0,0,1,1,1,1,0,0,1,1,1,0,1,1,17,1
100,751,0.0,50,0,0,0,0,0,0,0,0,0,0,0,0,0,0,0,0,0,0,0,0,0,0,0,0,0,0,0,0,0,0,0,0,0,0,0,0,0,0,0,0,0,0,0,0,0,0,0,0,0,0,0,8,0
100,751,0.65,51,1,1,1,0,1,0,0,1,1,1,1,0,1,1,1,1,1,1,1,1,1,0,1,1,0,1,1,1,1,1,0,0,1,1,1,0,0,0,1,0,1,0,1,1,0,0,0,0,1,0,1,14,1
100,751,0.35,52,0,1,0,1,1,0,0,0,0,0,0,0,1,0,1,1,0,0,1,0,0,0,1,1,1,0,1,0,0,0,1,0,0,1,0,1,1,0,1,0,0,0,0,1,0,0,0,1,1,0,0,11,0
100,751,0.65,53,1,1,1,1,0,1,0,1,0,1,0,0,1,0,1,1,1,1,1,1,0,1,1,1,1,1,1,1,1,1,1,1,0,0,1,0,0,1,1,1,1,1,1,0,1,0,1,0,1,0,1,6,1
100,751,0.35,54,0,0,1,1,1,0,0,0,1,0,0,0,1,1,0,0,0,0,0,1,0,1,0,0,0,1,0,0,0,0,0,1,0,0,0,0,0,0,0,1,1,0,1,0,0,1,1,1,0,1,0,11,0
100,751,0.65,55,1,1,0,1,1,0,1,0,0,0,0,1,1,0,1,1,1,1,1,1,1,1,0,1,0,1,0,1,0,1,0,1,1,0,0,1,1,0,0,1,1,1,0,1,0,1,1,1,1,0,1,13,0
100,751,0.65,56,1,1,0,0,1,1,0,0,1,0,1,1,0,1,1,0,1,1,1,0,1,0,1,1,0,1,0,0,0,1,1,1,1,1,1,0,0,0,0,1,0,0,0,0,0,0,1,1,1,1,0,12,0
100,751,0.35,57,0,1,0,0,1,0,1,0,0,0,0,1,0,0,0,0,1,1,0,0,1,0,0,0,0,1,0,1,1,0,0,0,1,0,1,0,0,0,0,1,1,0,0,0,0,0,1,0,1,1,1,12,0
100,751,0.35,58,0,1,0,1,0,0,0,1,0,0,1,0,0,0,1,1,1,1,0,0,0,0,1,1,0,1,0,0,1,0,1,0,0,0,1,0,0,1,1,0,0,1,0,0,0,0,0,1,1,0,0,14,0
100,751,0.65,59,1,0,0,1,1,1,1,1,0,0,0,1,1,1,1,1,1,1,1,0,1,1,1,1,0,1,1,0,1,1,1,0,1,0,0,1,1,1,0,1,1,1,1,1,1,1,1,1,1,0,1,10,1
100,751,0.35,60,0,0,0,0,0,0,0,0,0,0,0,0,1,0,0,0,1,0,1,0,0,1,0,1,0,0,0,1,0,1,0,0,0,1,0,1,0,0,0,0,0,0,0,1,0,1,1,0,1,1,0,7,0
100,751,0.35,61,0,0,0,0,0,0,1,1,0,1,0,0,0,0,0,1,0,1,1,0,0,0,1,0,0,0,1,1,1,1,1,1,1,0,0,0,0,1,0,0,0,0,0,0,0,0,0,0,0,0,0,16,0
100,751,0.35,62,0,1,0,0,0,0,0,0,1,1,0,0,0,0,0,1,0,0,0,0,0,0,0,0,0,0,0,0,0,0,0,0,0,1,1,0,0,0,1,0,0,0,0,1,0,0,0,0,0,0,1,17,0
100,751,0.65,63,1,0,1,0,0,0,1,0,1,1,1,0,1,0,1,0,1,0,1,1,1,0,1,1,0,0,0,1,0,0,0,1,1,1,1,1,0,0,1,1,1,0,0,1,1,0,1,1,1,0,1,14,1
100,751,0.35,64,0,1,1,1,1,0,0,0,1,0,0,0,1,0,0,0,1,0,0,0,1,0,0,0,1,0,0,0,1,0,0,0,1,0,0,0,0,1,0,0,0,1,0,1,0,1,0,0,0,0,1,16,1
100,751,0.65,65,1,0,0,0,1,1,1,0,1,0,1,0,1,1,1,1,1,1,1,1,0,0,0,1,0,1,1,1,0,1,1,1,0,1,0,1,1,1,0,0,1,1,1,1,0,1,1,0,0,0,1,14,0
100,751,0.35,66,0,0,0,0,0,0,0,1,0,0,0,0,1,0,0,0,1,0,1,0,1,0,1,0,0,1,0,1,0,0,0,1,1,0,0,1,0,0,0,0,0,0,0,0,1,1,0,0,0,0,0,8,0
100,751,0.35,67,0,0,0,1,0,1,0,1,1,1,0,0,1,0,1,0,0,0,1,0,0,0,1,0,0,0,0,0,1,1,1,1,1,0,0,1,0,1,1,0,0,0,0,0,1,0,0,1,0,1,0,16,0
100,751,0.65,68,1,0,1,1,1,0,1,0,0,0,1,1,1,1,0,1,1,0,1,1,1,1,1,0,0,1,1,1,0,1,1,0,1,1,0,1,0,1,1,1,0,0,1,1,0,1,0,1,1,0,1,16,1
100,751,0.65,69,1,1,1,1,0,0,1,1,1,0,1,1,1,1,0,1,0,1,0,0,0,0,0,0,1,0,0,0,1,1,1,1,1,1,0,1,1,1,1,1,1,1,1,1,1,1,0,1,1,0,1,8,0
100,751,0.35,70,0,0,1,0,0,1,0,0,0,0,0,1,0,0,0,0,1,0,1,0,1,0,1,0,0,0,1,0,1,0,0,0,0,0,1,0,0,0,0,0,1,0,1,1,0,0,1,0,0,1,1,16,1
100,751,0.65,71,1,1,1,1,1,1,1,1,0,1,0,0,1,0,1,1,0,1,0,0,1,0,0,1,0,1,0,1,1,1,1,0,1,0,1,1,1,1,0,0,1,1,1,0,0,1,1,1,1,1,1,8,1
100,751,0.35,72,0,0,0,0,0,0,1,0,1,1,0,1,1,0,0,0,0,1,0,0,1,1,0,1,1,0,0,1,1,1,0,0,1,1,1,0,0,1,0,1,1,1,0,0,1,0,1,0,0,0,0,7,0
100,751,0.65,73,1,0,1,1,0,1,0,1,0,1,1,1,0,1,0,1,1,1,1,1,1,0,0,1,1,1,1,1,1,1,1,0,1,0,1,0,0,0,0,0,0,1,0,1,1,1,0,1,1,1,1,11,0
100,751,0.65,74,1,0,1,1,0,0,0,0,1,1,1,0,1,1,0,1,0,1,0,0,1,1,1,1,0,1,1,1,1,1,1,1,0,0,1,1,1,1,1,0,1,1,1,0,1,1,1,0,1,0,1,21,1
100,751,0.35,75,0,0,0,1,0,1,0,0,1,0,0,0,1,1,0,0,0,0,0,0,1,0,0,0,1,0,1,0,1,1,0,0,0,1,0,0,0,0,0,0,1,1,0,1,1,0,1,0,0,0,1,14,0
100,751,0.65,76,1,1,1,0,1,0,1,0,1,1,1,1,0,0,1,1,0,1,0,0,1,1,0,1,1,0,1,0,0,0,1,1,0,0,0,0,0,1,1,1,0,1,1,1,1,1,0,0,0,1,0,19,1
100,751,0.35,77,0,0,1,0,0,1,1,0,1,0,0,0,0,1,1,0,0,0,1,0,0,0,0,1,0,0,0,0,0,0,1,0,0,1,0,1,0,1,0,1,0,1,0,1,0,1,1,0,0,0,1,7,0
100,751,0.0,78,0,0,0,0,0,0,0,0,0,0,0,0,0,0,0,0,0,0,0,0,0,0,0,0,0,0,0,0,0,0,0,0,0,0,0,0,0,0,0,0,0,0,0,0,0,0,0,0,0,0,0,13,1
100,751,0.65,79,1,1,1,1,1,1,1,1,0,1,0,0,1,1,0,1,1,1,1,1,0,1,1,0,1,0,1,1,0,1,0,0,1,1,1,0,0,1,1,1,1,0,0,1,0,0,0,1,1,1,1,10,1
100,751,0.35,80,0,1,0,0,1,0,1,0,0,0,0,0,1,0,0,1,0,0,0,0,0,0,0,1,0,0,0,0,0,1,1,0,1,0,0,0,1,1,0,0,0,0,0,0,0,0,0,0,0,1,0,15,0
100,751,0.65,81,1,1,1,1,0,1,1,1,1,1,1,1,1,1,1,1,0,1,0,1,0,1,1,0,0,0,0,0,0,1,1,1,1,1,0,0,1,0,1,0,0,1,1,0,0,0,1,0,1,0,1,9,1
100,751,0.65,82,1,0,1,1,1,0,1,0,0,0,1,1,1,1,0,1,0,0,0,1,0,1,1,0,1,1,1,1,0,1,0,0,0,1,0,0,0,1,1,0,1,1,1,1,1,0,1,0,1,1,0,19,0
100,751,0.65,83,1,0,1,1,0,1,1,1,1,1,1,0,1,1,1,1,0,0,1,1,1,1,1,1,1,0,0,0,1,1,0,0,0,0,0,1,1,0,0,0,0,1,1,1,1,1,1,1,0,1,1,12,1
100,751,0.35,84,0,0,1,1,0,1,0,0,0,0,0,0,0,1,1,0,1,0,1,0,0,0,1,1,0,1,1,1,0,1,1,0,0,1,0,0,0,0,0,0,0,1,1,1,0,0,1,0,1,0,0,13,0
100,751,0.65,85,1,1,0,1,0,1,1,0,1,1,0,0,0,1,1,0,1,1,0,0,1,1,0,0,0,1,1,1,0,1,1,1,0,1,1,1,0,0,0,0,1,0,1,1,1,0,1,1,1,1,1,17,1
100,751,0.35,86,0,1,0,1,0,0,0,0,0,0,0,0,0,0,1,1,0,0,0,1,0,1,0,1,0,0,1,1,0,0,0,0,1,0,0,0,0,0,0,0,0,0,1,0,0,0,0,0,0,1,1,12,0
100,751,1.0,87,1,1,1,1,1,1,1,1,1,1,1,1,1,1,1,1,1,1,1,1,1,1,1,1,1,1,1,1,1,1,1,1,1,1,1,1,1,1,1,1,1,1,1,1,1,1,1,1,1,1,1,9,1
100,751,0.35,88,0,0,1,0,0,1,0,0,0,0,0,1,1,0,0,0,0,0,0,0,0,0,1,1,0,0,0,1,1,1,0,1,0,1,0,1,1,1,1,0,0,1,0,0,0,0,0,0,0,1,1,11,0
100,751,0.65,89,1,0,1,1,1,1,1,1,0,0,1,1,1,1,1,0,0,1,1,1,0,0,1,1,1,1,1,0,0,1,1,0,0,0,1,1,1,0,1,1,0,1,0,1,1,0,1,0,0,1,0,9,1
100,751,0.65,90,1,1,0,0,0,1,0,1,1,0,0,0,1,1,1,1,1,0,1,1,1,0,1,1,1,1,0,0,0,1,0,1,1,1,1,1,1,1,1,0,1,1,0,0,0,1,1,1,1,1,1,15,1
100,751,0.65,91,1,1,1,1,0,1,1,1,1,0,1,0,0,1,1,1,0,1,1,1,0,1,1,0,0,1,1,1,1,1,1,1,1,1,1,1,1,1,1,1,1,1,1,1,1,1,0,1,0,0,1,12,1
100,751,0.35,92,0,0,0,1,0,0,0,1,0,0,1,1,0,0,1,1,0,1,0,1,0,0,1,0,1,0,1,0,0,0,1,0,0,1,1,0,1,0,0,0,0,0,0,0,0,1,1,0,1,1,0,8,0
100,751,0.35,93,0,0,1,1,1,0,0,0,0,1,1,1,0,1,0,1,1,1,0,1,1,0,0,0,0,1,0,0,0,0,1,0,0,1,0,0,0,0,1,1,0,1,0,1,1,0,0,1,1,1,0,19,0
100,751,0.35,94,0,0,0,1,0,1,0,0,0,0,1,0,1,1,0,1,1,0,0,1,0,1,0,0,0,0,0,0,1,1,0,1,0,1,0,0,0,0,1,1,0,0,1,0,1,0,0,0,1,0,0,11,1
100,751,0.35,95,0,0,0,1,0,0,0,1,0,0,1,1,0,0,0,0,0,0,0,0,0,0,0,0,1,0,0,0,1,0,1,0,1,1,1,0,1,1,0,0,1,0,0,0,1,1,0,1,0,1,0,17,0
100,751,0.65,96,1,0,1,1,0,1,0,1,0,1,1,0,0,0,0,1,0,1,0,1,1,0,0,1,1,1,0,1,1,0,1,1,1,1,1,1,0,0,1,1,1,1,0,0,1,1,0,1,1,1,0,10,1
100,751,0.35,97,0,0,0,0,1,0,1,0,1,0,0,1,0,0,1,0,1,1,0,1,1,0,1,0,0,1,0,0,1,0,1,0,0,0,0,0,0,0,0,0,0,0,1,0,0,0,0,0,0,0,1,17,0
100,751,0.65,98,1,0,1,0,0,1,1,1,0,1,0,1,0,1,1,1,1,1,1,1,1,1,1,1,1,1,1,0,1,1,1,1,1,1,0,0,0,1,1,1,1,1,1,0,1,0,1,0,1,0,1,21,1
100,751,0.35,99,0,0,0,1,0,1,0,1,1,0,0,0,1,1,1,0,0,1,0,0,0,0,0,0,1,0,1,1,1,0,1,0,0,0,0,0,0,0,0,1,1,0,0,0,0,0,0,0,0,0,1,16,0
100,751,0.65,100,1,1,1,0,1,1,0,1,1,1,1,1,1,1,1,1,1,1,1,1,0,1,0,1,0,0,1,1,1,0,0,1,0,1,1,0,1,0,1,0,1,0,0,1,1,0,1,0,0,1,1,12,1
100,751,0.35,101,0,0,1,0,1,0,1,1,1,0,1,0,1,1,1,0,1,1,0,0,0,0,0,0,1,0,1,0,1,1,1,1,1,1,1,0,1,1,1,0,0,0,1,1,0,0,1,0,0,0,0,12,1
100,751,0.65,102,1,0,1,1,1,1,1,0,1,1,1,1,1,1,1,1,1,1,0,1,1,1,1,1,0,1,1,0,1,1,0,0,0,0,0,1,0,0,0,1,1,1,1,1,1,0,1,0,1,0,1,11,1
100,751,0.65,103,1,1,1,1,0,1,1,1,1,1,0,1,1,0,0,0,0,1,1,1,0,1,0,1,0,0,1,1,1,1,1,1,1,1,1,0,1,1,1,0,1,0,1,1,1,0,1,1,0,1,0,13,1
100,751,0.35,104,0,0,1,0,0,0,0,0,0,0,0,1,0,1,1,0,0,0,1,0,0,0,0,0,1,0,0,0,1,0,0,1,1,0,1,0,0,0,0,0,0,1,0,0,1,0,1,0,0,1,0,8,0
100,751,0.65,105,1,1,1,0,1,0,0,1,0,0,1,1,0,1,1,0,1,0,1,1,1,1,1,0,1,1,1,0,1,1,1,1,1,1,1,1,0,1,1,1,1,1,1,1,0,0,1,1,0,1,1,16,1
100,751,0.65,106,1,0,1,1,0,1,1,0,1,0,0,1,1,0,1,1,0,1,0,0,1,0,0,1,1,0,1,1,0,1,1,1,0,0,1,1,1,1,1,1,1,0,1,1,1,1,1,1,0,0,1,23,1
100,751,0.65,107,1,0,1,1,1,1,1,1,1,0,1,1,1,1,0,0,1,1,0,1,1,0,1,1,0,1,1,1,1,0,1,1,1,0,0,1,1,1,1,1,0,0,1,1,1,1,1,0,0,1,0,15,1
100,751,0.35,108,0,0,0,1,0,1,0,0,0,0,0,1,1,1,0,0,1,0,1,0,0,1,0,1,0,0,1,1,1,0,1,0,0,1,0,0,0,1,0,0,0,0,0,1,1,0,0,1,0,0,0,13,0
100,751,0.35,109,0,0,0,0,0,0,0,0,0,0,0,0,1,1,1,0,0,0,0,0,0,1,0,1,0,0,1,1,0,0,0,1,1,0,0,1,1,0,0,1,0,0,0,0,0,0,0,0,0,0,1,8,0
100,751,0.35,110,0,1,1,1,1,1,0,1,0,0,0,0,1,0,1,0,1,0,1,1,0,1,0,0,0,1,0,0,0,1,0,0,0,0,1,0,0,1,1,1,0,1,0,0,0,0,0,0,1,0,1,7,1
100,751,0.65,111,1,0,1,0,0,1,1,1,1,1,1,1,1,0,1,1,0,1,0,1,1,0,1,0,1,1,0,1,1,0,1,0,1,0,0,1,1,0,1,1,0,1,0,1,0,1,1,1,1,1,1,11,1
100,751,0.35,112,0,0,0,1,1,0,0,1,0,0,0,1,1,0,0,0,0,0,0,1,0,0,0,0,0,1,0,1,0,0,0,0,1,0,0,0,0,0,1,1,0,1,0,0,1,0,1,1,1,0,0,19,0
100,751,0.65,113,1,1,1,0,1,1,0,0,1,1,1,1,1,0,1,1,0,1,1,0,0,1,1,1,1,1,0,1,0,1,1,0,0,0,0,1,0,0,1,0,0,1,0,1,1,1,0,1,1,1,1,14,1
100,751,0.35,114,0,1,0,1,0,0,0,1,0,1,0,0,0,0,0,0,0,0,0,1,0,0,1,0,0,0,1,0,0,0,0,0,0,1,1,0,1,0,1,0,0,0,0,1,0,0,1,1,0,0,0,15,1
100,751,0.65,115,1,0,1,1,0,0,0,0,0,0,1,1,0,0,1,1,0,0,0,1,1,1,0,1,1,0,0,1,0,1,1,0,1,1,0,1,1,1,1,0,1,0,1,1,1,1,0,0,0,1,1,9,0
100,751,0.65,116,1,1,1,0,1,0,1,0,0,0,0,1,1,1,1,1,1,0,0,1,1,1,0,1,1,1,1,0,1,1,1,0,0,1,0,0,1,1,0,1,1,1,1,0,1,1,1,1,1,1,1,14,0
100,751,0.35,117,0,1,0,1,1,0,0,0,0,1,1,1,0,0,1,0,1,0,1,0,1,1,0,1,1,1,0,1,1,0,0,0,1,1,0,1,0,0,1,0,0,0,0,0,0,0,0,1,1,0,0,18,1
100,751,0.65,118,1,1,1,0,1,1,0,0,0,1,1,1,1,1,1,1,1,1,1,0,1,1,1,1,0,0,0,1,1,0,0,1,1,0,1,1,1,1,1,1,1,0,0,1,1,1,1,1,0,1,0,7,1
100,751,0.35,119,0,0,0,0,1,0,1,0,1,0,0,0,1,1,1,1,0,0,0,1,0,1,1,0,0,0,1,1,0,0,0,0,0,0,1,1,1,1,1,0,0,1,1,1,1,1,0,0,1,0,0,28,0
100,751,0.65,120,1,1,0,1,1,1,0,1,1,1,0,1,0,1,1,1,0,0,1,1,0,1,1,1,0,0,1,0,1,1,1,0,1,0,1,0,1,1,0,1,0,0,0,1,1,0,1,1,1,1,1,17,1
100,751,0.35,121,0,0,1,1,0,0,1,0,1,0,0,0,0,0,0,1,1,0,1,0,0,0,0,1,1,1,0,1,1,0,0,1,0,1,0,1,1,1,0,0,0,0,1,0,1,0,1,0,0,0,1,18,1
100,751,0.65,122,1,1,1,0,0,1,1,1,0,1,1,1,1,1,1,0,1,0,0,1,1,1,1,1,1,1,1,1,1,1,1,1,0,1,0,1,1,1,1,1,0,1,1,0,0,1,1,1,1,0,0,11,1
100,751,0.35,123,0,1,0,0,0,1,1,1,1,1,1,0,1,0,0,1,1,0,0,0,1,0,1,1,0,0,0,0,0,0,0,0,0,1,1,1,1,0,0,1,1,0,1,1,1,0,0,1,0,0,1,11,0
100,751,0.35,124,0,0,0,0,1,0,0,1,0,0,1,0,1,0,0,1,0,1,0,0,0,0,1,0,0,1,0,0,0,1,1,0,0,1,0,1,0,0,0,0,0,0,1,1,1,1,0,0,1,0,1,9,0
100,751,1.0,125,1,1,1,1,1,1,1,1,1,1,1,1,1,1,1,1,1,1,1,1,1,1,1,1,1,1,1,1,1,1,1,1,1,1,1,1,1,1,1,1,1,1,1,1,1,1,1,1,1,1,1,7,1
100,751,0.35,126,0,0,1,1,1,0,0,0,0,0,0,0,1,0,0,0,0,1,0,1,0,0,1,0,0,0,1,0,0,1,0,0,0,0,0,0,0,0,0,1,1,0,0,1,0,0,0,0,0,0,0,14,0
100,751,0.65,127,1,0,1,1,0,1,1,0,1,0,1,1,1,0,0,1,1,1,0,0,0,1,1,1,0,1,1,0,1,1,1,0,0,1,1,1,1,0,1,1,0,1,0,1,1,0,1,1,0,1,1,15,1
100,751,0.35,128,0,1,0,0,1,1,0,0,0,0,0,0,1,0,0,1,0,0,0,1,0,0,0,0,0,0,0,1,0,1,0,0,0,0,0,0,0,0,0,0,1,0,1,0,1,0,1,0,1,0,1,15,0
100,751,0.35,129,0,0,0,0,0,0,0,1,1,0,1,1,0,0,0,1,0,0,1,0,1,1,0,0,0,1,0,0,0,1,0,1,0,0,1,0,0,0,1,1,1,0,0,1,1,1,0,1,0,0,0,14,1
100,751,0.35,130,0,1,0,0,1,1,0,0,0,0,0,0,0,0,1,0,0,1,0,1,1,1,1,1,0,0,0,1,0,1,0,1,1,0,0,0,0,0,0,1,0,0,0,1,1,0,1,1,0,0,1,12,0
100,751,0.35,131,0,0,0,0,1,1,1,1,0,0,0,0,0,0,1,0,0,1,1,0,1,0,1,0,0,0,0,0,0,0,0,0,1,0,1,0,0,1,1,0,1,0,0,0,0,0,0,1,1,0,1,16,0
100,751,0.35,132,0,0,1,0,0,1,0,0,0,1,0,0,0,1,0,1,1,0,0,0,0,0,0,0,1,0,1,1,0,0,0,1,1,0,0,0,0,0,0,0,0,0,0,0,0,0,0,0,0,1,0,14,0
100,751,0.65,133,1,0,1,1,1,1,1,1,1,0,1,0,1,1,0,1,0,1,1,0,1,1,1,0,1,1,1,0,0,1,1,0,1,0,0,0,0,0,1,1,1,1,1,1,1,0,1,1,0,0,0,11,1
100,751,0.65,134,1,0,1,1,0,1,1,1,1,1,0,1,1,1,1,1,1,1,1,1,1,1,1,1,0,1,1,1,0,0,0,0,1,1,1,1,1,1,1,1,0,0,1,1,0,1,1,0,0,1,0,11,1
100,751,0.35,135,0,1,0,1,1,1,0,0,0,0,0,0,1,0,0,0,0,0,0,1,0,0,0,1,1,0,1,0,0,0,1,0,1,0,0,0,1,0,1,0,0,1,0,1,0,0,0,0,0,0,0,12,0
100,751,0.65,136,1,1,0,1,1,1,1,1,1,0,0,1,1,0,0,1,1,1,1,0,1,0,1,1,1,0,1,1,0,1,1,0,0,1,1,1,1,0,0,1,1,0,1,1,1,1,1,1,1,1,1,10,1
100,751,0.65,137,1,1,1,0,1,0,0,1,1,0,1,1,0,1,1,1,1,1,0,1,0,1,1,0,0,0,1,1,1,0,1,1,1,0,1,1,0,0,1,1,1,0,1,0,1,1,0,1,1,0,0,18,1
100,751,0.65,138,1,0,0,0,0,0,1,1,0,0,0,1,1,0,0,0,1,0,1,1,1,0,1,0,0,0,1,0,1,1,1,1,1,0,1,1,1,0,0,1,1,0,0,1,1,1,1,1,1,1,1,11,0
100,751,0.65,139,1,0,1,1,1,1,1,0,1,0,1,1,1,0,1,1,0,1,0,1,1,1,0,1,1,1,1,0,0,1,1,1,1,0,0,1,0,1,1,0,1,0,1,0,1,0,1,1,1,0,1,22,1
100,751,0.35,140,0,0,0,1,1,0,0,0,0,0,0,0,0,0,1,1,0,1,0,0,1,0,0,0,0,0,1,0,0,0,0,0,1,0,0,0,0,1,0,0,1,1,0,1,0,0,1,0,0,1,0,16,0
100,751,0.65,141,1,1,1,1,1,0,1,0,1,1,1,1,1,1,1,1,1,0,1,1,1,1,1,1,1,1,0,0,1,0,1,0,1,1,1,1,0,1,1,0,1,0,1,0,0,1,0,1,1,0,0,15,1
100,751,0.65,142,1,1,1,1,1,1,0,0,1,0,0,1,1,1,1,1,1,0,1,1,0,1,1,1,0,1,0,1,0,1,0,1,0,1,1,1,1,1,1,1,1,0,1,0,1,1,0,0,1,1,1,18,1
100,751,0.35,143,0,1,0,1,0,0,1,1,1,0,0,1,1,1,0,0,1,0,1,0,1,1,0,0,0,1,1,0,0,0,0,0,0,1,0,0,1,0,0,0,0,0,0,1,0,1,0,1,1,1,0,27,0
100,751,0.35,144,0,1,1,0,1,0,1,0,1,0,0,0,0,0,0,0,1,0,0,0,1,0,0,0,0,0,0,0,1,0,0,0,1,1,0,0,1,0,0,0,0,1,0,1,1,1,0,1,1,1,1,17,0
100,751,0.65,145,1,1,0,1,1,0,1,1,0,0,0,0,1,0,1,1,1,0,0,0,1,0,1,1,1,1,0,1,1,1,1,0,1,0,0,1,1,0,1,0,1,1,0,1,1,1,1,1,0,1,1,12,1
100,751,0.35,146,0,1,0,0,0,0,1,0,0,0,1,0,0,0,0,0,0,0,1,0,0,0,1,0,0,0,0,1,1,1,1,1,0,1,1,0,0,0,0,1,0,1,0,0,0,1,1,0,0,0,0,16,0
100,751,0.0,147,0,0,0,0,0,0,0,0,0,0,0,0,0,0,0,0,0,0,0,0,0,0,0,0,0,0,0,0,0,0,0,0,0,0,0,0,0,0,0,0,0,0,0,0,0,0,0,0,0,0,0,8,0
100,751,0.35,148,0,0,0,0,1,0,0,0,1,0,0,1,0,1,1,1,0,1,0,0,0,1,0,0,1,0,0,0,0,1,0,1,1,0,0,0,1,0,0,0,0,0,0,1,0,0,0,1,0,1,1,12,0
100,751,0.65,149,1,1,0,1,1,0,1,0,1,0,1,0,1,0,1,1,1,0,0,1,1,1,0,0,0,0,1,0,1,1,1,0,1,0,1,1,1,1,1,1,1,1,1,1,1,1,1,1,0,1,0,17,1
100,751,0.65,150,1,1,1,1,1,1,0,0,1,0,1,1,1,1,1,1,1,1,0,0,1,0,0,1,1,1,1,1,1,1,0,1,1,0,0,0,1,1,1,1,1,1,0,0,1,1,1,1,0,0,1,18,1
100,751,0.35,151,0,0,0,0,0,1,1,0,0,0,0,0,0,0,0,1,1,1,0,1,1,0,0,0,1,1,0,1,0,0,0,0,1,1,0,1,0,1,0,1,0,0,1,1,0,0,0,1,1,0,1,11,0
100,751,0.35,152,0,1,0,0,1,1,1,0,0,0,1,0,0,0,0,0,1,0,0,0,1,1,1,0,0,1,0,0,0,1,1,0,1,0,0,0,1,1,0,1,0,0,0,0,1,0,1,0,1,1,0,20,0
100,751,0.65,153,1,1,1,0,0,1,1,1,1,0,1,1,1,0,1,0,0,1,0,1,1,1,1,1,1,1,1,1,0,1,0,0,1,0,0,1,1,0,0,0,1,1,1,1,0,1,0,1,1,1,0,17,1
100,751,0.35,154,0,0,0,1,0,0,0,1,0,1,0,0,0,0,0,1,0,0,0,1,0,0,0,1,1,1,0,1,1,1,1,0,0,0,0,1,0,0,0,0,0,0,0,1,0,0,1,0,1,0,1,11,0
100,751,0.35,155,0,1,0,1,0,1,0,1,1,0,0,1,0,0,1,0,1,0,1,1,0,1,1,0,1,0,0,1,1,0,1,1,1,0,0,1,0,0,0,1,1,1,0,0,1,0,0,0,0,1,0,15,1
100,751,0.65,156,1,0,1,1,1,1,1,0,1,0,0,0,1,1,1,1,1,1,1,0,0,1,0,1,1,1,1,0,1,0,1,1,1,1,1,1,0,0,1,1,0,0,1,1,1,0,1,0,1,1,1,8,1
100,751,0.65,157,1,1,1,0,0,1,1,1,1,1,1,1,0,1,1,1,1,1,0,0,1,1,1,0,1,1,1,0,1,1,0,1,1,1,1,1,1,0,0,1,1,1,1,1,1,1,1,0,1,1,0,11,1
100,751,0.65,158,1,0,0,1,1,1,1,1,1,0,1,1,1,1,0,0,1,1,1,0,1,0,0,0,1,0,1,0,1,0,1,1,0,1,1,1,0,1,1,1,1,1,0,1,1,0,1,0,0,0,1,11,1
100,751,0.35,159,0,0,1,1,1,0,0,1,0,0,0,0,0,1,1,1,0,0,0,0,0,0,1,0,0,0,0,1,1,0,0,1,1,1,0,0,0,0,1,0,0,0,1,1,0,1,0,0,0,0,1,12,0
100,751,0.65,160,1,0,1,0,1,1,0,1,1,0,1,0,1,0,1,0,1,1,1,1,0,1,1,1,0,0,1,1,0,1,1,1,0,1,1,1,1,1,1,1,1,1,1,1,0,1,1,0,0,1,0,9,1
100,751,0.35,161,0,0,1,1,0,0,0,0,0,0,0,0,0,0,0,0,0,0,0,0,1,1,0,0,0,0,0,0,0,0,0,0,0,0,0,1,1,0,0,1,1,0,0,1,0,0,0,1,1,0,0,12,0
100,751,1.0,162,1,1,1,1,1,1,1,1,1,1,1,1,1,1,1,1,1,1,1,1,1,1,1,1,1,1,1,1,1,1,1,1,1,1,1,1,1,1,1,1,1,1,1,1,1,1,1,1,1,1,1,8,1
100,751,0.65,163,1,1,0,1,0,1,1,1,0,1,1,1,1,0,1,1,1,1,1,1,1,0,1,1,0,1,1,1,1,1,0,1,1,0,0,1,1,1,1,0,1,0,1,1,1,1,1,0,1,1,0,12,1
100,751,0.65,164,1,1,0,1,1,1,1,1,1,1,1,0,1,1,1,1,1,1,0,1,1,1,1,0,1,1,1,0,1,0,0,1,0,1,1,1,1,0,1,1,0,1,1,0,0,1,1,1,1,0,1,24,1
100,751,0.65,165,1,1,1,1,1,0,0,1,0,0,0,1,1,0,1,1,1,1,0,1,1,1,1,1,1,0,0,0,0,0,0,1,1,1,1,1,0,0,1,0,1,1,1,1,1,0,0,0,1,1,1,16,1
100,751,0.65,166,1,0,0,1,1,1,1,0,1,0,1,0,0,1,1,1,1,1,1,1,1,1,1,1,1,0,1,0,1,0,0,0,1,1,1,0,0,1,0,1,0,1,1,1,1,0,1,1,1,1,0,18,0
100,751,0.35,167,0,1,0,1,0,1,1,0,0,0,1,1,1,1,1,0,1,0,0,0,1,1,1,0,0,0,0,0,0,1,0,1,1,1,0,0,0,0,1,1,0,0,0,0,0,0,0,0,0,0,0,17,1
100,751,0.35,168,0,1,1,0,1,0,0,1,0,0,1,1,0,0,0,0,0,0,1,0,0,0,0,0,1,0,0,0,0,1,0,0,0,0,0,1,0,1,0,0,1,1,0,0,1,1,0,1,0,0,1,20,0
100,751,0.65,169,1,1,1,0,0,1,1,1,1,1,1,0,0,0,1,0,0,1,1,0,0,0,1,1,0,0,0,1,0,0,1,1,1,0,1,0,1,1,1,1,0,1,0,1,0,1,1,0,1,0,0,12,1
100,751,0.65,170,1,1,1,1,1,1,1,1,1,0,1,1,1,1,0,1,1,1,1,1,1,0,1,1,1,1,1,1,1,1,0,1,0,1,0,1,1,1,0,0,0,1,0,1,0,1,1,0,1,0,0,14,1
100,751,0.0,171,0,0,0,0,0,0,0,0,0,0,0,0,0,0,0,0,0,0,0,0,0,0,0,0,0,0,0,0,0,0,0,0,0,0,0,0,0,0,0,0,0,0,0,0,0,0,0,0,0,0,0,8,0
100,751,0.65,172,1,1,1,0,1,0,0,0,1,1,0,0,0,1,0,0,0,0,1,1,1,1,0,0,0,1,1,0,1,1,1,0,0,1,1,0,1,0,1,1,1,1,0,0,1,0,0,1,0,1,1,16,1
100,751,0.35,173,0,0,0,0,0,1,0,0,0,0,1,0,1,0,1,0,0,1,1,0,0,1,0,0,1,0,1,0,0,0,0,0,0,0,1,0,0,0,0,0,0,0,1,0,0,0,0,0,0,1,0,20,0
100,751,0.65,174,1,0,1,1,1,1,1,1,1,1,1,0,1,1,1,0,1,1,1,0,0,1,1,1,1,0,0,1,1,1,0,1,0,0,0,1,1,1,1,0,1,0,1,1,1,1,1,1,1,1,1,16,1
100,751,0.65,175,1,0,1,0,1,1,0,0,1,1,1,1,0,1,1,1,0,1,1,0,1,0,1,1,1,1,0,0,1,1,1,1,1,0,1,1,0,1,0,1,0,1,1,1,1,0,0,1,0,1,1,15,1
100,751,0.35,176,0,1,1,0,0,0,0,0,1,1,1,0,0,0,1,0,0,0,0,1,1,0,1,1,0,0,0,0,0,0,0,0,0,0,1,0,0,1,1,0,0,0,0,1,0,0,0,1,0,1,1,14,0
100,751,0.35,177,0,1,0,0,1,0,1,0,1,0,0,0,1,1,1,1,0,0,0,0,0,0,0,0,1,0,1,1,1,0,0,1,0,1,0,0,0,1,1,0,1,0,0,0,1,1,0,1,0,1,0,15,0
100,751,0.65,178,1,1,0,1,0,1,1,0,1,0,0,1,1,1,1,1,1,1,1,1,1,1,0,1,1,1,0,1,0,1,1,1,1,1,1,1,0,1,1,1,1,1,1,0,1,0,1,0,1,1,1,17,1
100,751,0.35,179,0,1,0,0,0,0,0,0,0,1,0,0,0,0,0,0,0,0,0,0,0,0,0,0,0,1,1,0,0,0,0,1,0,1,0,1,1,1,1,0,0,0,0,1,0,1,0,1,0,1,0,12,0
100,751,0.35,180,0,0,0,1,1,0,0,0,0,0,0,0,0,0,0,0,1,0,0,1,0,1,1,1,1,0,0,1,0,0,0,1,1,0,1,0,0,0,0,0,0,1,0,0,0,1,1,0,1,0,1,12,1
100,751,0.65,181,1,1,1,1,0,0,0,0,0,0,1,0,1,0,0,1,1,0,1,1,1,0,1,1,1,0,1,0,1,1,1,0,1,1,0,0,0,1,0,1,0,1,1,1,1,1,0,1,1,1,1,16,1
100,751,0.35,182,0,1,1,0,1,1,0,0,0,0,1,1,1,0,0,1,0,1,0,0,0,0,0,0,0,1,0,0,0,0,1,1,1,1,1,0,1,0,1,0,0,1,0,0,1,0,0,0,1,0,1,11,0
100,751,0.65,183,1,1,0,0,1,0,0,0,1,0,0,1,1,0,1,1,0,1,0,1,0,0,1,1,1,1,1,1,1,1,1,1,1,0,0,1,0,1,1,0,1,1,1,1,1,0,1,0,0,1,1,9,1
100,751,0.65,184,1,1,1,1,0,0,1,1,0,0,1,0,1,1,1,0,1,0,0,1,1,1,0,0,1,1,1,1,1,1,0,1,1,1,1,1,0,0,1,0,1,0,0,0,1,0,0,1,0,1,1,17,1
100,751,0.35,185,0,0,0,0,0,0,0,1,0,0,1,1,0,0,1,1,1,1,1,0,0,1,1,0,0,0,0,1,0,1,0,0,0,1,1,0,1,1,1,1,0,0,0,1,0,1,0,1,1,0,0,11,0
100,751,0.35,186,0,1,0,0,1,1,0,0,0,0,1,0,1,0,0,0,0,1,0,0,0,0,1,1,1,1,1,0,0,1,0,0,0,0,0,0,0,0,0,0,0,0,1,1,0,0,0,1,0,0,1,28,1
100,751,0.65,187,1,1,0,0,1,1,1,0,0,1,1,0,1,1,1,0,1,0,1,1,1,1,1,0,1,0,0,1,1,1,1,0,1,0,0,1,0,0,0,1,1,1,0,0,1,0,1,0,1,0,1,15,1
100,751,0.35,188,0,0,0,0,0,1,0,1,0,1,0,0,0,0,0,0,0,0,0,1,0,0,0,0,0,0,0,0,1,0,1,0,0,0,1,1,1,1,1,0,0,1,1,0,1,0,1,0,0,1,0,13,0
100,751,0.35,189,0,1,0,1,0,0,1,0,0,1,0,0,0,0,0,0,0,1,0,0,1,1,0,1,0,0,1,1,0,0,0,0,0,0,0,1,1,0,0,0,0,0,0,1,0,0,0,0,0,0,1,19,0
100,751,0.35,190,0,0,0,0,0,0,0,1,0,1,0,1,0,0,1,0,0,0,0,1,1,0,0,0,1,0,0,0,0,1,0,0,0,0,1,1,1,0,0,0,0,0,1,0,0,1,0,0,0,0,0,18,0
100,751,0.35,191,0,0,0,1,0,0,0,0,1,0,1,1,0,1,0,1,0,0,0,0,0,1,0,1,1,0,1,0,1,1,0,1,1,0,0,0,1,0,0,1,0,1,0,1,0,0,0,0,0,1,0,14,0
100,751,0.35,192,0,0,0,1,0,0,0,1,0,0,0,0,1,0,0,0,0,1,1,1,0,0,0,0,1,0,1,0,0,0,0,0,1,0,0,1,1,0,0,1,1,0,0,0,1,0,0,0,0,1,0,14,1
100,751,0.35,193,0,1,0,0,0,0,0,0,0,0,1,1,1,1,0,1,1,1,1,0,0,0,1,0,0,1,0,0,0,0,0,0,0,0,0,1,0,0,0,0,0,1,0,1,1,0,0,0,1,1,0,25,0
100,751,0.35,194,0,0,0,1,0,0,0,0,1,0,0,0,0,1,0,0,1,1,0,0,0,0,0,0,1,0,0,1,1,1,1,0,1,1,0,0,1,1,0,1,1,0,0,0,0,0,0,0,0,1,0,16,0
100,751,0.65,195,1,1,1,1,0,1,1,0,0,1,1,1,1,1,1,1,1,1,0,0,1,1,0,1,1,1,1,1,1,0,1,1,0,1,1,0,1,1,0,0,1,1,1,0,1,0,1,1,0,1,1,14,1
100,751,0.65,196,1,0,0,0,0,1,1,0,1,1,1,0,1,1,1,1,1,1,1,0,1,0,1,1,1,1,1,1,0,1,0,1,1,1,0,0,1,1,0,1,1,0,0,1,1,1,1,1,1,0,0,12,0
100,751,0.35,197,0,1,1,1,0,0,0,0,0,0,1,0,1,0,0,1,0,1,1,0,0,1,0,0,0,0,0,1,0,0,0,1,0,0,0,0,1,0,0,0,0,0,0,1,1,1,0,1,0,0,0,22,1
100,751,0.65,198,1,1,0,1,0,1,1,1,1,0,0,1,1,1,1,0,1,1,1,1,0,1,1,1,1,1,1,1,1,1,1,1,1,1,0,1,0,1,1,1,1,1,1,1,1,1,1,1,0,0,1,15,1
100,751,0.65,199,1,1,1,1,1,1,0,0,1,0,1,1,1,1,1,1,0,1,1,1,0,1,0,1,1,1,1,0,1,1,0,1,0,0,1,1,1,1,1,0,1,1,0,1,1,0,1,1,1,0,0,14,1
100,751,0.65,200,1,0,1,1,0,1,1,1,0,0,1,1,0,0,1,1,0,1,1,1,1,1,1,0,1,1,1,0,0,1,0,1,0,0,1,1,1,0,0,1,1,1,1,1,1,1,1,1,1,1,1,22,1
100,751,-0.5,1,1,,,,,,,,,,,,,,,,,,,,,,,,,,,,,,,,,,,,,,,,,,,,,,,,,,,1344,1
100,751,-0.5,2,1,,,,,,,,,,,,,,,,,,,,,,,,,,,,,,,,,,,,,,,,,,,,,,,,,,,651,1
100,751,-0.5,3,0,,,,,,,,,,,,,,,,,,,,,,,,,,,,,,,,,,,,,,,,,,,,,,,,,,,482,0
100,751,-0.5,4,1,,,,,,,,,,,,,,,,,,,,,,,,,,,,,,,,,,,,,,,,,,,,,,,,,,,644,1
100,751,-0.5,5,0,,,,,,,,,,,,,,,,,,,,,,,,,,,,,,,,,,,,,,,,,,,,,,,,,,,601,0
100,751,-0.5,6,1,,,,,,,,,,,,,,,,,,,,,,,,,,,,,,,,,,,,,,,,,,,,,,,,,,,628,1
100,751,-0.5,7,1,,,,,,,,,,,,,,,,,,,,,,,,,,,,,,,,,,,,,,,,,,,,,,,,,,,971,1
100,751,-0.5,8,0,,,,,,,,,,,,,,,,,,,,,,,,,,,,,,,,,,,,,,,,,,,,,,,,,,,507,0
100,751,-0.5,9,0,,,,,,,,,,,,,,,,,,,,,,,,,,,,,,,,,,,,,,,,,,,,,,,,,,,723,1
100,751,-0.5,10,1,,,,,,,,,,,,,,,,,,,,,,,,,,,,,,,,,,,,,,,,,,,,,,,,,,,431,1
100,751,-0.5,11,1,,,,,,,,,,,,,,,,,,,,,,,,,,,,,,,,,,,,,,,,,,,,,,,,,,,509,1
100,751,-0.5,12,0,,,,,,,,,,,,,,,,,,,,,,,,,,,,,,,,,,,,,,,,,,,,,,,,,,,534,0
100,751,-0.5,13,1,,,,,,,,,,,,,,,,,,,,,,,,,,,,,,,,,,,,,,,,,,,,,,,,,,,581,1
100,751,-0.5,14,0,,,,,,,,,,,,,,,,,,,,,,,,,,,,,,,,,,,,,,,,,,,,,,,,,,,489,0
100,751,-0.5,15,0,,,,,,,,,,,,,,,,,,,,,,,,,,,,,,,,,,,,,,,,,,,,,,,,,,,647,0
100,751,-0.5,16,0,,,,,,,,,,,,,,,,,,,,,,,,,,,,,,,,,,,,,,,,,,,,,,,,,,,427,0
100,751,-0.5,17,1,,,,,,,,,,,,,,,,,,,,,,,,,,,,,,,,,,,,,,,,,,,,,,,,,,,349,0
100,751,-0.5,18,1,,,,,,,,,,,,,,,,,,,,,,,,,,,,,,,,,,,,,,,,,,,,,,,,,,,607,1
100,751,-0.5,19,1,,,,,,,,,,,,,,,,,,,,,,,,,,,,,,,,,,,,,,,,,,,,,,,,,,,581,1
100,751,-0.5,20,1,,,,,,,,,,,,,,,,,,,,,,,,,,,,,,,,,,,,,,,,,,,,,,,,,,,532,1
